Task_Title,Category,Priority,Actual_Duration
Написать код для бэкенда,Work,High,5.274066855432965
Написать код для бэкенда,Work,High,5.343531181496848
Убраться в комнате,Personal,Low,1.7868586120732237
Подготовить отчет по проекту,Work,High,3.2437598053903853
Изучить основы Python,Education,Medium,2.0167115544404384
Изучить основы Python,Education,Medium,1.7374524561246338
Подготовка к экзамену,Education,High,3.8413530970459044
Сходить в спортзал,Health,Low,1.722048416932048
Написать код для бэкенда,Work,High,4.66811131808398
Убраться в комнате,Personal,Low,1.9633694894856941
Сходить в спортзал,Health,Low,1.9832660112057052
Купить продукты на неделю,Personal,Low,0.5801947594436634
Написать код для бэкенда,Work,High,4.596328881165442
Подготовить отчет по проекту,Work,High,3.105048632716854
Написать код для бэкенда,Work,High,5.236718543334591
Записаться к врачу,Health,Medium,0.23714530562670955
Встреча с клиентом,Work,High,1.1164584588856394
Сходить в спортзал,Health,Low,1.716091602931586
Написать код для бэкенда,Work,High,4.861655125815336
Записаться к врачу,Health,Medium,0.5813260822206113
Изучить основы Python,Education,Medium,1.7390201932753708
Подготовить отчет по проекту,Work,High,3.307996313626198
Прочитать книгу по ИИ,Education,Medium,2.3953145717261286
Прочитать книгу по ИИ,Education,Medium,2.3113828602467628
Встреча с клиентом,Work,High,1.1680205990705468
Подготовить отчет по проекту,Work,High,3.460528706740358
Подготовить отчет по проекту,Work,High,3.366697274227164
Изучить основы Python,Education,Medium,2.2539359561264156
Сходить в спортзал,Health,Low,1.2631172361625422
Встреча с клиентом,Work,High,1.3099453837201944
Купить продукты на неделю,Personal,Low,0.6893285315762352
Изучить основы Python,Education,Medium,1.827967917284635
Сходить в спортзал,Health,Low,1.538508833504856
Встреча с клиентом,Work,High,1.9122004135249158
Встреча с клиентом,Work,High,1.5819107945654238
Встреча с клиентом,Work,High,1.4358650590535262
Подготовить отчет по проекту,Work,High,3.941152223349227
Записаться к врачу,Health,Medium,0.09517867026595472
Прочитать книгу по ИИ,Education,Medium,2.5949852091698515
Записаться к врачу,Health,Medium,0.37923732686418765
Изучить основы Python,Education,Medium,1.9382412124337154
Купить продукты на неделю,Personal,Low,0.5274879214790934
Написать код для бэкенда,Work,High,5.14771917283646
Прочитать книгу по ИИ,Education,Medium,2.9260414906430916
Подготовить отчет по проекту,Work,High,3.3829773044662383
Сходить в спортзал,Health,Low,1.042522862946029
Встреча с клиентом,Work,High,1.236092377339789
Сходить в спортзал,Health,Low,1.29322731771447
Подготовить отчет по проекту,Work,High,3.9133913838350285
Убраться в комнате,Personal,Low,2.0803610891531683
Купить продукты на неделю,Personal,Low,0.5592187282770136
Купить продукты на неделю,Personal,Low,1.233457622085666
Изучить основы Python,Education,Medium,1.8358921539137274
Купить продукты на неделю,Personal,Low,0.6648687210883577
Встреча с клиентом,Work,High,1.5927781280721163
Подготовить отчет по проекту,Work,High,3.1292846269468417
Убраться в комнате,Personal,Low,1.8622057490325417
Написать код для бэкенда,Work,High,4.873005553129959
Сходить в спортзал,Health,Low,1.0384793163899741
Прочитать книгу по ИИ,Education,Medium,2.8417773283012258
Изучить основы Python,Education,Medium,1.5113249012401488
Подготовить отчет по проекту,Work,High,3.0243552058121255
Убраться в комнате,Personal,Low,1.779262685081351
Написать код для бэкенда,Work,High,5.149325831496206
Убраться в комнате,Personal,Low,2.121709455355135
Убраться в комнате,Personal,Low,1.9014160715902269
Купить продукты на неделю,Personal,Low,0.764451149695055
Прочитать книгу по ИИ,Education,Medium,2.2653572408789793
Сходить в спортзал,Health,Low,1.0552680100855143
Подготовить отчет по проекту,Work,High,3.3583907181471435
Написать код для бэкенда,Work,High,5.20387889365439
Сходить в спортзал,Health,Low,1.156677715486489
Убраться в комнате,Personal,Low,2.344478370936906
Подготовка к экзамену,Education,High,4.495972915869608
Встреча с клиентом,Work,High,1.0037722894484793
Подготовить отчет по проекту,Work,High,3.384794484676255
Написать код для бэкенда,Work,High,4.844935050383765
Купить продукты на неделю,Personal,Low,0.5977755544044334
Встреча с клиентом,Work,High,1.687745341080983
Записаться к врачу,Health,Medium,0.4497066527665855
Подготовить отчет по проекту,Work,High,3.384631028823442
Подготовить отчет по проекту,Work,High,3.2666385273245364
Встреча с клиентом,Work,High,1.3207378373372647
Купить продукты на неделю,Personal,Low,1.497731466949325
Сходить в спортзал,Health,Low,1.9304486335951636
Убраться в комнате,Personal,Low,2.0760556309776232
Убраться в комнате,Personal,Low,1.587104339577028
Подготовить отчет по проекту,Work,High,3.7647428192250803
Написать код для бэкенда,Work,High,5.026262166031412
Прочитать книгу по ИИ,Education,Medium,2.754603565713132
Изучить основы Python,Education,Medium,2.393218315896653
Встреча с клиентом,Work,High,1.0086873157689364
Написать код для бэкенда,Work,High,4.558057352194848
Убраться в комнате,Personal,Low,2.0108546522201975
Подготовить отчет по проекту,Work,High,3.9399038984366617
Записаться к врачу,Health,Medium,0.45935908541518544
Подготовить отчет по проекту,Work,High,3.762284578393885
Подготовить отчет по проекту,Work,High,3.5783481947413436
Подготовить отчет по проекту,Work,High,3.6730745470722366
Купить продукты на неделю,Personal,Low,1.049483026696468
Сходить в спортзал,Health,Low,1.5315118932671514
Изучить основы Python,Education,Medium,1.739034426013618
Купить продукты на неделю,Personal,Low,0.9348711672592096
Прочитать книгу по ИИ,Education,Medium,2.891540991352641
Сходить в спортзал,Health,Low,1.6403126806359807
Написать код для бэкенда,Work,High,4.5117813133699105
Купить продукты на неделю,Personal,Low,0.9761242035973203
Записаться к врачу,Health,Medium,0.43860019619575896
Купить продукты на неделю,Personal,Low,1.253737642712855
Убраться в комнате,Personal,Low,2.1858149958621973
Подготовить отчет по проекту,Work,High,3.8455157890845997
Сходить в спортзал,Health,Low,1.6457927328903519
Подготовить отчет по проекту,Work,High,3.3369412806599548
Сходить в спортзал,Health,Low,1.5059328056046501
Сходить в спортзал,Health,Low,1.0826008554029491
Написать код для бэкенда,Work,High,4.975959338376551
Купить продукты на неделю,Personal,Low,1.1134381701221292
Сходить в спортзал,Health,Low,1.0282633712487474
Убраться в комнате,Personal,Low,2.369189397623935
Написать код для бэкенда,Work,High,4.561573974246366
Купить продукты на неделю,Personal,Low,0.7183554833603807
Записаться к врачу,Health,Medium,0.5315192431837354
Подготовка к экзамену,Education,High,4.420793189047672
Убраться в комнате,Personal,Low,1.9319897002139885
Сходить в спортзал,Health,Low,1.3258655355928375
Подготовка к экзамену,Education,High,3.7543501033025937
Сходить в спортзал,Health,Low,1.796490546390503
Купить продукты на неделю,Personal,Low,0.6003423282885393
Сходить в спортзал,Health,Low,1.3970563717075155
Изучить основы Python,Education,Medium,1.7586153062400987
Прочитать книгу по ИИ,Education,Medium,2.2273181113852285
Купить продукты на неделю,Personal,Low,1.3041808676495892
Написать код для бэкенда,Work,High,5.274832098186864
Купить продукты на неделю,Personal,Low,0.977491180103096
Написать код для бэкенда,Work,High,4.612517100996865
Изучить основы Python,Education,Medium,1.9856786254716394
Встреча с клиентом,Work,High,1.999584347990596
Записаться к врачу,Health,Medium,0.9061588729475228
Убраться в комнате,Personal,Low,2.032808643068233
Написать код для бэкенда,Work,High,4.662158942657412
Встреча с клиентом,Work,High,1.9166894906157177
Убраться в комнате,Personal,Low,1.9785990603829966
Подготовка к экзамену,Education,High,3.5485591651479296
Записаться к врачу,Health,Medium,0.8037158503280766
Изучить основы Python,Education,Medium,1.5529263333916314
Убраться в комнате,Personal,Low,1.6306428456288826
Купить продукты на неделю,Personal,Low,0.8130447499883191
Записаться к врачу,Health,Medium,0.14177627535067228
Убраться в комнате,Personal,Low,2.206674218378517
Записаться к врачу,Health,Medium,0.12151635965262675
Сходить в спортзал,Health,Low,1.7270288895310117
Подготовка к экзамену,Education,High,4.144496094603578
Купить продукты на неделю,Personal,Low,0.7512958797870254
Встреча с клиентом,Work,High,1.5583040556327283
Встреча с клиентом,Work,High,1.3187457418447086
Встреча с клиентом,Work,High,1.5623056653355578
Написать код для бэкенда,Work,High,4.972279760306239
Написать код для бэкенда,Work,High,5.001820770426143
Подготовка к экзамену,Education,High,4.125390062864667
Изучить основы Python,Education,Medium,2.2430437101917877
Подготовка к экзамену,Education,High,4.230221839409899
Купить продукты на неделю,Personal,Low,1.4857142507984409
Подготовка к экзамену,Education,High,3.6821600112937465
Подготовить отчет по проекту,Work,High,3.9126780667776684
Прочитать книгу по ИИ,Education,Medium,2.00137812055992
Встреча с клиентом,Work,High,1.5925153732684936
Сходить в спортзал,Health,Low,1.7122563435558407
Встреча с клиентом,Work,High,1.7961438214712233
Написать код для бэкенда,Work,High,5.063639869860009
Убраться в комнате,Personal,Low,2.2155803124162654
Подготовить отчет по проекту,Work,High,3.975599746724934
Купить продукты на неделю,Personal,Low,0.7483820430919131
Изучить основы Python,Education,Medium,2.2857894101292366
Убраться в комнате,Personal,Low,2.0619551499142488
Купить продукты на неделю,Personal,Low,0.9287119372001185
Подготовить отчет по проекту,Work,High,3.542865672788898
Сходить в спортзал,Health,Low,1.043999443289568
Убраться в комнате,Personal,Low,2.0082938134656367
Убраться в комнате,Personal,Low,1.7024862773996208
Купить продукты на неделю,Personal,Low,1.003579303477216
Изучить основы Python,Education,Medium,1.7366999909453993
Купить продукты на неделю,Personal,Low,1.050021303606302
Прочитать книгу по ИИ,Education,Medium,2.5291073880409343
Встреча с клиентом,Work,High,1.7833721725894836
Подготовка к экзамену,Education,High,3.517660515443367
Подготовить отчет по проекту,Work,High,3.310899784442435
Подготовить отчет по проекту,Work,High,3.5469691228450158
Убраться в комнате,Personal,Low,2.2340306874782447
Прочитать книгу по ИИ,Education,Medium,2.076680759384696
Убраться в комнате,Personal,Low,2.011506978448879
Убраться в комнате,Personal,Low,2.244720322745111
Встреча с клиентом,Work,High,1.4590243168627117
Прочитать книгу по ИИ,Education,Medium,2.8966100562194166
Записаться к врачу,Health,Medium,0.8078464541451027
Встреча с клиентом,Work,High,1.433881733183048
Подготовка к экзамену,Education,High,4.074179778281902
Встреча с клиентом,Work,High,1.2704000742533137
Записаться к врачу,Health,Medium,0.3810629641349196
Подготовка к экзамену,Education,High,4.445588772102732
Сходить в спортзал,Health,Low,1.5833605658392849
Купить продукты на неделю,Personal,Low,0.6175955473821358
Сходить в спортзал,Health,Low,1.6033342449549282
Прочитать книгу по ИИ,Education,Medium,2.375881281898099
Сходить в спортзал,Health,Low,1.6402529003176864
Встреча с клиентом,Work,High,1.2320657881083439
Подготовить отчет по проекту,Work,High,3.3104935379927607
Встреча с клиентом,Work,High,1.9450600212118219
Написать код для бэкенда,Work,High,4.737774186405307
Записаться к врачу,Health,Medium,0.8423430228531786
Изучить основы Python,Education,Medium,1.512787602472101
Прочитать книгу по ИИ,Education,Medium,2.8919119307191474
Прочитать книгу по ИИ,Education,Medium,2.6654124302861244
Убраться в комнате,Personal,Low,1.7363983646301664
Записаться к врачу,Health,Medium,0.5473529456660606
Прочитать книгу по ИИ,Education,Medium,2.3183524150441914
Подготовка к экзамену,Education,High,4.459468927120428
Записаться к врачу,Health,Medium,0.3607152032718661
Сходить в спортзал,Health,Low,1.84301794080779
Убраться в комнате,Personal,Low,2.477500625322617
Подготовить отчет по проекту,Work,High,3.4382372175546205
Записаться к врачу,Health,Medium,0.1032741083173101
Встреча с клиентом,Work,High,1.442233179413737
Записаться к врачу,Health,Medium,0.6167899455569752
Встреча с клиентом,Work,High,1.8456399221678153
Сходить в спортзал,Health,Low,1.3209944942624487
Написать код для бэкенда,Work,High,4.591677498233333
Убраться в комнате,Personal,Low,1.6198538363480388
Подготовить отчет по проекту,Work,High,3.016183862767756
Сходить в спортзал,Health,Low,1.831516990425319
Записаться к врачу,Health,Medium,0.22284962027776012
Изучить основы Python,Education,Medium,2.3808144235515614
Написать код для бэкенда,Work,High,4.803438323655656
Изучить основы Python,Education,Medium,2.17104638156301
Записаться к врачу,Health,Medium,0.347213821596155
Написать код для бэкенда,Work,High,4.829337754660484
Встреча с клиентом,Work,High,1.015447507842068
Подготовка к экзамену,Education,High,4.060060071243863
Сходить в спортзал,Health,Low,1.7312900778532243
Встреча с клиентом,Work,High,1.47473646601959
Прочитать книгу по ИИ,Education,Medium,2.9735736502580083
Написать код для бэкенда,Work,High,4.904394652329026
Убраться в комнате,Personal,Low,1.5623302836815238
Сходить в спортзал,Health,Low,1.5280274837162797
Убраться в комнате,Personal,Low,1.5167276407085857
Встреча с клиентом,Work,High,1.2663707000323248
Встреча с клиентом,Work,High,1.8308190475228745
Изучить основы Python,Education,Medium,2.1377241592180445
Купить продукты на неделю,Personal,Low,1.2360135340459881
Подготовка к экзамену,Education,High,3.9804304516211966
Записаться к врачу,Health,Medium,0.7693229754158379
Подготовить отчет по проекту,Work,High,3.3221672008777547
Написать код для бэкенда,Work,High,4.659812885225422
Сходить в спортзал,Health,Low,1.189974223723043
Написать код для бэкенда,Work,High,4.7657314405076425
Изучить основы Python,Education,Medium,2.4898134888471315
Подготовка к экзамену,Education,High,4.347764268297594
Написать код для бэкенда,Work,High,4.590149304965945
Прочитать книгу по ИИ,Education,Medium,2.7980947233544313
Подготовить отчет по проекту,Work,High,3.3896640503106634
Купить продукты на неделю,Personal,Low,0.810799068450307
Встреча с клиентом,Work,High,1.3037371854391815
Встреча с клиентом,Work,High,1.0043429623004587
Встреча с клиентом,Work,High,1.8740036898607726
Сходить в спортзал,Health,Low,1.9699077593530276
Убраться в комнате,Personal,Low,1.8975843308999365
Подготовить отчет по проекту,Work,High,3.436590300342435
Купить продукты на неделю,Personal,Low,0.5850716532329908
Написать код для бэкенда,Work,High,4.737701250599025
Купить продукты на неделю,Personal,Low,1.12258039234852
Подготовка к экзамену,Education,High,4.431257484798601
Написать код для бэкенда,Work,High,4.9231899265664145
Написать код для бэкенда,Work,High,4.703465830701953
Купить продукты на неделю,Personal,Low,1.1762858786955301
Изучить основы Python,Education,Medium,1.5338384911111143
Прочитать книгу по ИИ,Education,Medium,2.6222165005740994
Прочитать книгу по ИИ,Education,Medium,2.0914740965143332
Написать код для бэкенда,Work,High,4.9845272437840915
Встреча с клиентом,Work,High,1.4564656113018954
Купить продукты на неделю,Personal,Low,0.719490745044794
Изучить основы Python,Education,Medium,2.1428899954198948
Убраться в комнате,Personal,Low,1.7877071493878023
Написать код для бэкенда,Work,High,5.1558264477235
Подготовка к экзамену,Education,High,3.66128447360247
Встреча с клиентом,Work,High,1.6693165307440934
Прочитать книгу по ИИ,Education,Medium,2.7862952887382293
Купить продукты на неделю,Personal,Low,0.704117409040246
Изучить основы Python,Education,Medium,2.2833476380078688
Встреча с клиентом,Work,High,1.6946752279151318
Подготовка к экзамену,Education,High,4.339583205852843
Встреча с клиентом,Work,High,1.1316006177982345
Убраться в комнате,Personal,Low,1.5104311328965807
Сходить в спортзал,Health,Low,1.050479287406747
Подготовить отчет по проекту,Work,High,3.0534705772085124
Написать код для бэкенда,Work,High,5.366684488524082
Подготовить отчет по проекту,Work,High,3.24200800267303
Убраться в комнате,Personal,Low,2.396112569197631
Написать код для бэкенда,Work,High,4.838147210834585
Записаться к врачу,Health,Medium,0.3033125598405627
Записаться к врачу,Health,Medium,0.4867779226583139
Прочитать книгу по ИИ,Education,Medium,2.030085214366802
Подготовить отчет по проекту,Work,High,3.8053286574013216
Сходить в спортзал,Health,Low,1.6802939982833547
Сходить в спортзал,Health,Low,1.9863460424943669
Подготовить отчет по проекту,Work,High,3.4331282337057853
Написать код для бэкенда,Work,High,5.465097959874665
Подготовка к экзамену,Education,High,4.23646708983507
Сходить в спортзал,Health,Low,1.2128084160815957
Записаться к врачу,Health,Medium,0.07491692099075686
Изучить основы Python,Education,Medium,2.2272111140165416
Записаться к врачу,Health,Medium,0.9160737468513035
Убраться в комнате,Personal,Low,1.8207046780177425
Убраться в комнате,Personal,Low,1.6055602977143653
Записаться к врачу,Health,Medium,0.5039158335643628
Написать код для бэкенда,Work,High,4.506403526732039
Сходить в спортзал,Health,Low,1.9410456437085042
Подготовка к экзамену,Education,High,3.7989100496693915
Встреча с клиентом,Work,High,1.5182917567373573
Изучить основы Python,Education,Medium,1.6514273191936268
Изучить основы Python,Education,Medium,2.182510785465616
Записаться к врачу,Health,Medium,0.37768392461685385
Изучить основы Python,Education,Medium,2.262479160090287
Подготовить отчет по проекту,Work,High,3.0490906268931166
Изучить основы Python,Education,Medium,1.7644632187349505
Сходить в спортзал,Health,Low,1.0109166094455806
Прочитать книгу по ИИ,Education,Medium,2.3232187392764336
Подготовка к экзамену,Education,High,4.039404842167207
Изучить основы Python,Education,Medium,1.9489803776704693
Сходить в спортзал,Health,Low,1.9667867594771875
Подготовка к экзамену,Education,High,4.030187097278271
Изучить основы Python,Education,Medium,1.7592045139485624
Изучить основы Python,Education,Medium,2.0943653306638534
Купить продукты на неделю,Personal,Low,1.379588794130814
Изучить основы Python,Education,Medium,2.330909502591966
Прочитать книгу по ИИ,Education,Medium,2.2503838247691466
Прочитать книгу по ИИ,Education,Medium,2.849244313055339
Написать код для бэкенда,Work,High,5.128861558158088
Изучить основы Python,Education,Medium,2.0795826421128476
Встреча с клиентом,Work,High,1.4995558913828186
Сходить в спортзал,Health,Low,1.5537239223880626
Сходить в спортзал,Health,Low,1.6258701154957529
Убраться в комнате,Personal,Low,1.8847679854861723
Встреча с клиентом,Work,High,1.0142825819522918
Сходить в спортзал,Health,Low,1.8496159778757422
Изучить основы Python,Education,Medium,1.7936601052610537
Подготовить отчет по проекту,Work,High,3.194563894796743
Убраться в комнате,Personal,Low,1.9372447913563744
Прочитать книгу по ИИ,Education,Medium,2.8136192612207083
Встреча с клиентом,Work,High,1.8795595067144548
Прочитать книгу по ИИ,Education,Medium,2.416084432813037
Подготовить отчет по проекту,Work,High,3.4642762478636446
Написать код для бэкенда,Work,High,4.768471428247791
Написать код для бэкенда,Work,High,5.417904398254575
Прочитать книгу по ИИ,Education,Medium,2.565404735167994
Подготовить отчет по проекту,Work,High,3.4023740799846007
Изучить основы Python,Education,Medium,2.40032539992353
Подготовка к экзамену,Education,High,3.57125273352676
Купить продукты на неделю,Personal,Low,0.9315942013468373
Подготовка к экзамену,Education,High,4.398988556367659
Убраться в комнате,Personal,Low,1.772222000423474
Подготовить отчет по проекту,Work,High,3.5258775200604893
Встреча с клиентом,Work,High,1.5826967252434176
Встреча с клиентом,Work,High,1.6746925261540717
Записаться к врачу,Health,Medium,0.7001031021567466
Сходить в спортзал,Health,Low,1.309313946237486
Изучить основы Python,Education,Medium,1.5516304582630662
Купить продукты на неделю,Personal,Low,0.8616628230302468
Подготовить отчет по проекту,Work,High,3.576614282446608
Встреча с клиентом,Work,High,1.1686744501100124
Изучить основы Python,Education,Medium,2.083658699899454
Подготовить отчет по проекту,Work,High,3.8451542728221892
Купить продукты на неделю,Personal,Low,1.0160446299731452
Убраться в комнате,Personal,Low,2.244410911811802
Встреча с клиентом,Work,High,1.6563843407341028
Купить продукты на неделю,Personal,Low,1.2635312122982179
Записаться к врачу,Health,Medium,0.5671348454107564
Изучить основы Python,Education,Medium,1.5598103985649945
Написать код для бэкенда,Work,High,4.76345688477633
Убраться в комнате,Personal,Low,2.1341482076232277
Сходить в спортзал,Health,Low,1.2742371873533274
Прочитать книгу по ИИ,Education,Medium,2.850475335603562
Подготовить отчет по проекту,Work,High,3.497768413751353
Убраться в комнате,Personal,Low,2.2540993624371106
Подготовка к экзамену,Education,High,4.049142220074165
Подготовить отчет по проекту,Work,High,3.499071586128268
Прочитать книгу по ИИ,Education,Medium,2.6627465208555834
Прочитать книгу по ИИ,Education,Medium,2.215709820071929
Купить продукты на неделю,Personal,Low,0.5083368696103073
Написать код для бэкенда,Work,High,5.48903545252459
Купить продукты на неделю,Personal,Low,0.9054017100290763
Подготовить отчет по проекту,Work,High,3.2982429407250913
Подготовить отчет по проекту,Work,High,3.4550315849774647
Изучить основы Python,Education,Medium,1.9231766446383252
Встреча с клиентом,Work,High,1.3796932482145987
Убраться в комнате,Personal,Low,2.078173813169707
Прочитать книгу по ИИ,Education,Medium,2.543776123096184
Прочитать книгу по ИИ,Education,Medium,2.0049119842448597
Купить продукты на неделю,Personal,Low,0.6092121277692514
Написать код для бэкенда,Work,High,4.662726091661782
Сходить в спортзал,Health,Low,1.2696754130564778
Написать код для бэкенда,Work,High,5.360761258245946
Подготовка к экзамену,Education,High,4.398359906548674
Убраться в комнате,Personal,Low,2.1758096421673967
Убраться в комнате,Personal,Low,2.48802605136051
Записаться к врачу,Health,Medium,0.07093019044749305
Изучить основы Python,Education,Medium,2.3655275268370533
Подготовить отчет по проекту,Work,High,3.58863240682175
Подготовить отчет по проекту,Work,High,3.9084075668838207
Купить продукты на неделю,Personal,Low,0.6803509865089907
Прочитать книгу по ИИ,Education,Medium,2.4030351387919016
Записаться к врачу,Health,Medium,0.4737352654131397
Написать код для бэкенда,Work,High,4.526602896949117
Подготовить отчет по проекту,Work,High,3.2133921352985446
Изучить основы Python,Education,Medium,2.0114044198340193
Написать код для бэкенда,Work,High,5.428630647234158
Подготовка к экзамену,Education,High,4.15658391836811
Встреча с клиентом,Work,High,1.2875260246838085
Изучить основы Python,Education,Medium,1.9135051804138832
Сходить в спортзал,Health,Low,1.138366017039385
Купить продукты на неделю,Personal,Low,1.3293478629290916
Изучить основы Python,Education,Medium,2.248707122068549
Купить продукты на неделю,Personal,Low,1.4005565490304837
Сходить в спортзал,Health,Low,1.4528462857775648
Купить продукты на неделю,Personal,Low,1.348159069721478
Изучить основы Python,Education,Medium,1.6845057822338307
Записаться к врачу,Health,Medium,0.46779891141455276
Подготовка к экзамену,Education,High,4.059302080537893
Написать код для бэкенда,Work,High,4.710380179190102
Подготовить отчет по проекту,Work,High,3.0084487311946546
Купить продукты на неделю,Personal,Low,1.3896749063120097
Записаться к врачу,Health,Medium,0.8590224556346929
Написать код для бэкенда,Work,High,5.150905059453928
Подготовка к экзамену,Education,High,4.252289883179468
Убраться в комнате,Personal,Low,2.3619428834787284
Подготовить отчет по проекту,Work,High,3.0098308618980583
Купить продукты на неделю,Personal,Low,0.9339257270089478
Изучить основы Python,Education,Medium,2.486945152077088
Подготовка к экзамену,Education,High,4.462383072129489
Записаться к врачу,Health,Medium,0.43643079156170905
Написать код для бэкенда,Work,High,4.578032116283519
Записаться к врачу,Health,Medium,0.7001792831199302
Купить продукты на неделю,Personal,Low,1.0076461927640525
Купить продукты на неделю,Personal,Low,0.8591253378250011
Встреча с клиентом,Work,High,1.3663027311946925
Написать код для бэкенда,Work,High,4.6426096230418015
Купить продукты на неделю,Personal,Low,0.651168892151212
Подготовить отчет по проекту,Work,High,3.339451706802721
Купить продукты на неделю,Personal,Low,1.2436078390138487
Изучить основы Python,Education,Medium,1.6123618166072529
Купить продукты на неделю,Personal,Low,0.7325262119731708
Изучить основы Python,Education,Medium,2.286301081187503
Подготовить отчет по проекту,Work,High,3.681249938843257
Убраться в комнате,Personal,Low,1.5327815238111837
Записаться к врачу,Health,Medium,0.13231237925627215
Прочитать книгу по ИИ,Education,Medium,2.5591966523921226
Прочитать книгу по ИИ,Education,Medium,2.025752312386592
Записаться к врачу,Health,Medium,0.8620218184057727
Купить продукты на неделю,Personal,Low,1.3023942672325615
Записаться к врачу,Health,Medium,0.7052439863153895
Встреча с клиентом,Work,High,1.9562445388152236
Подготовка к экзамену,Education,High,4.182210028608251
Подготовка к экзамену,Education,High,4.329391889920025
Написать код для бэкенда,Work,High,4.833611250939576
Купить продукты на неделю,Personal,Low,0.892230865395966
Встреча с клиентом,Work,High,1.1384986636108045
Изучить основы Python,Education,Medium,2.2113580069529855
Прочитать книгу по ИИ,Education,Medium,2.8982412749564976
Убраться в комнате,Personal,Low,1.743984237138718
Подготовка к экзамену,Education,High,4.338026213192404
Встреча с клиентом,Work,High,1.3029147397872018
Написать код для бэкенда,Work,High,5.186041431733887
Прочитать книгу по ИИ,Education,Medium,2.536475764504326
Сходить в спортзал,Health,Low,1.452402338522877
Купить продукты на неделю,Personal,Low,0.6298563161626544
Купить продукты на неделю,Personal,Low,1.4447285714892013
Подготовить отчет по проекту,Work,High,3.884124922453927
Купить продукты на неделю,Personal,Low,0.8461658501679109
Убраться в комнате,Personal,Low,2.2427439079697287
Подготовить отчет по проекту,Work,High,3.537298774905277
Изучить основы Python,Education,Medium,2.1389457720645786
Изучить основы Python,Education,Medium,1.9077398752759267
Купить продукты на неделю,Personal,Low,0.5526364952186591
Встреча с клиентом,Work,High,1.2094856193288086
Записаться к врачу,Health,Medium,0.4997931478505231
Убраться в комнате,Personal,Low,1.6178402439862765
Изучить основы Python,Education,Medium,1.621425734392523
Подготовка к экзамену,Education,High,4.264275210056433
Встреча с клиентом,Work,High,1.1826030350000531
Изучить основы Python,Education,Medium,2.448538591980698
Купить продукты на неделю,Personal,Low,1.2543570540564177
Написать код для бэкенда,Work,High,5.2133031888725325
Написать код для бэкенда,Work,High,5.480218944929874
Написать код для бэкенда,Work,High,4.921576057225678
Изучить основы Python,Education,Medium,2.413358286979242
Сходить в спортзал,Health,Low,1.126966017518889
Встреча с клиентом,Work,High,1.1629075061412486
Написать код для бэкенда,Work,High,4.661851096591284
Подготовить отчет по проекту,Work,High,3.196029272883405
Записаться к врачу,Health,Medium,0.43725833595172714
Подготовка к экзамену,Education,High,4.249408930057065
Записаться к врачу,Health,Medium,0.33719133609098717
Убраться в комнате,Personal,Low,1.5980989574067161
Прочитать книгу по ИИ,Education,Medium,2.1161409922335954
Изучить основы Python,Education,Medium,2.207326269866932
Убраться в комнате,Personal,Low,2.215238261005902
Подготовить отчет по проекту,Work,High,3.006040353541821
Сходить в спортзал,Health,Low,1.7705157186372602
Подготовить отчет по проекту,Work,High,3.4780123526868962
Записаться к врачу,Health,Medium,0.3410777142498821
Сходить в спортзал,Health,Low,1.5752314843367876
Написать код для бэкенда,Work,High,5.094951341719593
Сходить в спортзал,Health,Low,1.3165763480386286
Подготовить отчет по проекту,Work,High,3.317537051195707
Подготовка к экзамену,Education,High,3.5190925747784556
Встреча с клиентом,Work,High,1.863787827710986
Подготовка к экзамену,Education,High,3.8745395710035253
Изучить основы Python,Education,Medium,1.8666895925883922
Написать код для бэкенда,Work,High,5.269405590122224
Убраться в комнате,Personal,Low,1.961260159536655
Прочитать книгу по ИИ,Education,Medium,2.8869874872408214
Подготовка к экзамену,Education,High,4.458511279492789
Купить продукты на неделю,Personal,Low,0.9309398576608613
Убраться в комнате,Personal,Low,2.335981722509557
Встреча с клиентом,Work,High,1.5108404308970562
Изучить основы Python,Education,Medium,1.6646085615728683
Изучить основы Python,Education,Medium,1.5865113623917275
Убраться в комнате,Personal,Low,1.7354176536099817
Подготовка к экзамену,Education,High,3.840522909973818
Изучить основы Python,Education,Medium,1.5345354563104365
Написать код для бэкенда,Work,High,5.373282200139711
Прочитать книгу по ИИ,Education,Medium,2.6206907536653112
Подготовить отчет по проекту,Work,High,3.023480013631573
Купить продукты на неделю,Personal,Low,0.5576916570606327
Написать код для бэкенда,Work,High,4.9187303288232105
Подготовить отчет по проекту,Work,High,3.04824800037211
Подготовить отчет по проекту,Work,High,3.6117506552475493
Прочитать книгу по ИИ,Education,Medium,2.991878949288606
Подготовить отчет по проекту,Work,High,3.612186604201131
Изучить основы Python,Education,Medium,1.7166334840083994
Убраться в комнате,Personal,Low,1.7165100707238934
Подготовить отчет по проекту,Work,High,3.9740651594066567
Подготовить отчет по проекту,Work,High,3.945193392403983
Изучить основы Python,Education,Medium,1.700942758711923
Сходить в спортзал,Health,Low,1.7971746839187164
Подготовка к экзамену,Education,High,4.208968943743181
Встреча с клиентом,Work,High,1.7950744118370667
Купить продукты на неделю,Personal,Low,0.9609173939600155
Записаться к врачу,Health,Medium,0.9280070254776686
Подготовка к экзамену,Education,High,4.489891909858303
Написать код для бэкенда,Work,High,5.174293415287199
Встреча с клиентом,Work,High,1.8999101036154806
Встреча с клиентом,Work,High,1.6750166824534123
Подготовить отчет по проекту,Work,High,3.508225972338341
Сходить в спортзал,Health,Low,1.8599656277526344
Сходить в спортзал,Health,Low,1.3572391730644355
Сходить в спортзал,Health,Low,1.609729072693658
Написать код для бэкенда,Work,High,4.628187044077892
Сходить в спортзал,Health,Low,1.6310846907762189
Убраться в комнате,Personal,Low,1.660892546190397
Записаться к врачу,Health,Medium,0.766634538949759
Изучить основы Python,Education,Medium,1.8946969415273682
Написать код для бэкенда,Work,High,5.377964592199466
Прочитать книгу по ИИ,Education,Medium,2.7174801594598956
Встреча с клиентом,Work,High,1.5173074661422001
Купить продукты на неделю,Personal,Low,0.7713696928794306
Подготовка к экзамену,Education,High,3.7685785001319623
Написать код для бэкенда,Work,High,4.711892083560172
Встреча с клиентом,Work,High,1.2827437402982915
Подготовить отчет по проекту,Work,High,3.6187707154750646
Записаться к врачу,Health,Medium,0.1348010238759152
Купить продукты на неделю,Personal,Low,1.1244431312538765
Подготовка к экзамену,Education,High,3.700511277935152
Купить продукты на неделю,Personal,Low,1.3225988998662004
Убраться в комнате,Personal,Low,1.5158321663453633
Убраться в комнате,Personal,Low,2.0428490603957554
Сходить в спортзал,Health,Low,1.6102228484073287
Встреча с клиентом,Work,High,1.3168276582067295
Подготовка к экзамену,Education,High,3.731732428917274
Купить продукты на неделю,Personal,Low,1.2457997413431505
Купить продукты на неделю,Personal,Low,0.7302227052601199
Написать код для бэкенда,Work,High,5.1258538995630705
Купить продукты на неделю,Personal,Low,1.328346577516697
Прочитать книгу по ИИ,Education,Medium,2.338102988019799
Изучить основы Python,Education,Medium,1.8527181141968831
Записаться к врачу,Health,Medium,0.049356948394426725
Купить продукты на неделю,Personal,Low,1.055475415853543
Прочитать книгу по ИИ,Education,Medium,2.5051657943064507
Подготовить отчет по проекту,Work,High,3.4893539048217317
Изучить основы Python,Education,Medium,1.9300154874714521
Подготовка к экзамену,Education,High,3.756709285133318
Подготовка к экзамену,Education,High,4.160102345681684
Прочитать книгу по ИИ,Education,Medium,2.016485031243466
Подготовить отчет по проекту,Work,High,3.682906649149823
Изучить основы Python,Education,Medium,1.6221191472969834
Подготовить отчет по проекту,Work,High,3.823499114963516
Написать код для бэкенда,Work,High,5.315763681323616
Купить продукты на неделю,Personal,Low,1.2615465592671993
Купить продукты на неделю,Personal,Low,0.6573795829012283
Подготовить отчет по проекту,Work,High,3.1417042349595787
Купить продукты на неделю,Personal,Low,0.6028138398500893
Сходить в спортзал,Health,Low,1.8088020518155974
Убраться в комнате,Personal,Low,2.288095118824244
Купить продукты на неделю,Personal,Low,1.459904554417519
Прочитать книгу по ИИ,Education,Medium,2.5193395845334847
Написать код для бэкенда,Work,High,4.915700737872364
Встреча с клиентом,Work,High,1.5131071007621144
Купить продукты на неделю,Personal,Low,0.695907454857365
Прочитать книгу по ИИ,Education,Medium,2.0477095092297244
Подготовка к экзамену,Education,High,3.6912518582089264
Подготовить отчет по проекту,Work,High,3.3634229750720417
Встреча с клиентом,Work,High,1.573069887781601
Записаться к врачу,Health,Medium,0.51173624317509
Подготовка к экзамену,Education,High,3.805030705779301
Убраться в комнате,Personal,Low,1.901467400701463
Купить продукты на неделю,Personal,Low,1.329695544903541
Купить продукты на неделю,Personal,Low,1.182738071283838
Подготовка к экзамену,Education,High,4.017767352299961
Сходить в спортзал,Health,Low,1.98688542870787
Купить продукты на неделю,Personal,Low,1.1645571523718932
Убраться в комнате,Personal,Low,2.3762395902820104
Подготовка к экзамену,Education,High,3.6222291026219544
Изучить основы Python,Education,Medium,1.9262108949818861
Изучить основы Python,Education,Medium,1.8417079623824235
Записаться к врачу,Health,Medium,0.02116082886266868
Подготовить отчет по проекту,Work,High,3.5234675946043232
Убраться в комнате,Personal,Low,2.498147067314525
Подготовить отчет по проекту,Work,High,3.721633428643982
Подготовка к экзамену,Education,High,3.7702479005410194
Записаться к врачу,Health,Medium,0.7409096094940013
Изучить основы Python,Education,Medium,1.7340929644683816
Изучить основы Python,Education,Medium,1.9599408839794863
Встреча с клиентом,Work,High,1.74083708635599
Прочитать книгу по ИИ,Education,Medium,2.8558762857448285
Сходить в спортзал,Health,Low,1.834833474253589
Подготовка к экзамену,Education,High,3.6830446973109203
Написать код для бэкенда,Work,High,4.565199650765356
Подготовка к экзамену,Education,High,3.7954838229738384
Подготовить отчет по проекту,Work,High,3.1837921296626197
Встреча с клиентом,Work,High,1.7256246812693696
Купить продукты на неделю,Personal,Low,0.9534672122064295
Убраться в комнате,Personal,Low,2.081728606974834
Встреча с клиентом,Work,High,1.6993652687554177
Встреча с клиентом,Work,High,1.423237967942558
Подготовка к экзамену,Education,High,4.062845306303983
Подготовить отчет по проекту,Work,High,3.3423474491836744
Подготовить отчет по проекту,Work,High,3.1675345844009914
Прочитать книгу по ИИ,Education,Medium,2.3936457231000796
Записаться к врачу,Health,Medium,0.2523119068653782
Встреча с клиентом,Work,High,1.8156960499340529
Встреча с клиентом,Work,High,1.8924150452153436
Прочитать книгу по ИИ,Education,Medium,2.7827641124383025
Убраться в комнате,Personal,Low,2.2753093099311483
Подготовить отчет по проекту,Work,High,3.6686594158211623
Записаться к врачу,Health,Medium,0.0951228809999295
Встреча с клиентом,Work,High,1.3647526571435957
Встреча с клиентом,Work,High,1.5593464876186003
Встреча с клиентом,Work,High,1.91870111534859
Прочитать книгу по ИИ,Education,Medium,2.9927182745858034
Подготовить отчет по проекту,Work,High,3.5331548328984757
Изучить основы Python,Education,Medium,2.1149868446839046
Убраться в комнате,Personal,Low,2.3016126226237574
Изучить основы Python,Education,Medium,2.315874210635371
Подготовка к экзамену,Education,High,4.247981131369518
Подготовить отчет по проекту,Work,High,3.0005787310565766
Сходить в спортзал,Health,Low,1.3464196467039697
Подготовить отчет по проекту,Work,High,3.6758439445194306
Сходить в спортзал,Health,Low,1.9880556994028675
Подготовить отчет по проекту,Work,High,3.8408291438845117
Купить продукты на неделю,Personal,Low,1.33733166869835
Прочитать книгу по ИИ,Education,Medium,2.6761229768850345
Написать код для бэкенда,Work,High,4.523371421339151
Сходить в спортзал,Health,Low,1.1817795828233963
Убраться в комнате,Personal,Low,1.728570695584119
Изучить основы Python,Education,Medium,2.0514186384398645
Купить продукты на неделю,Personal,Low,1.3539177497246064
Изучить основы Python,Education,Medium,1.8983246178832012
Написать код для бэкенда,Work,High,5.197280438391364
Написать код для бэкенда,Work,High,5.312087968258365
Подготовка к экзамену,Education,High,4.155664846370475
Подготовка к экзамену,Education,High,3.9094957332887663
Изучить основы Python,Education,Medium,1.7964237959873155
Изучить основы Python,Education,Medium,1.7824106286519932
Убраться в комнате,Personal,Low,2.2326855969868418
Записаться к врачу,Health,Medium,0.707907191552442
Записаться к врачу,Health,Medium,0.9558577980767162
Сходить в спортзал,Health,Low,1.1043400497702027
Сходить в спортзал,Health,Low,1.562518550974884
Встреча с клиентом,Work,High,1.264337861273746
Подготовка к экзамену,Education,High,4.23416268821937
Убраться в комнате,Personal,Low,1.640899211183914
Написать код для бэкенда,Work,High,5.27043107855718
Купить продукты на неделю,Personal,Low,0.8702315160266773
Прочитать книгу по ИИ,Education,Medium,2.6911971378893824
Подготовить отчет по проекту,Work,High,3.1481381133272093
Купить продукты на неделю,Personal,Low,0.5132730301594451
Подготовить отчет по проекту,Work,High,3.6120900459914003
Убраться в комнате,Personal,Low,1.9661911254962274
Купить продукты на неделю,Personal,Low,0.9385710783988813
Записаться к врачу,Health,Medium,0.23528197722736865
Изучить основы Python,Education,Medium,2.0995364440585464
Подготовка к экзамену,Education,High,4.043567828705953
Написать код для бэкенда,Work,High,5.326110351566744
Изучить основы Python,Education,Medium,2.40592869513949
Сходить в спортзал,Health,Low,1.0167080618819826
Написать код для бэкенда,Work,High,4.86306757233439
Изучить основы Python,Education,Medium,2.436747338349526
Встреча с клиентом,Work,High,1.018548325545325
Написать код для бэкенда,Work,High,4.55483803571317
Сходить в спортзал,Health,Low,1.6131607934133303
Подготовить отчет по проекту,Work,High,3.598854228503509
Подготовка к экзамену,Education,High,3.9351666655680373
Подготовить отчет по проекту,Work,High,3.525100367593029
Купить продукты на неделю,Personal,Low,0.6350015239137595
Встреча с клиентом,Work,High,1.0726778506650052
Подготовка к экзамену,Education,High,4.172424472643596
Записаться к врачу,Health,Medium,0.11560676851092444
Убраться в комнате,Personal,Low,1.803654539606054
Записаться к врачу,Health,Medium,0.5523543104801645
Сходить в спортзал,Health,Low,1.1787846068325285
Сходить в спортзал,Health,Low,1.0184278503229907
Сходить в спортзал,Health,Low,1.0793508445230482
Записаться к врачу,Health,Medium,0.492402799580536
Прочитать книгу по ИИ,Education,Medium,2.939291518797461
Убраться в комнате,Personal,Low,1.9907496816187322
Изучить основы Python,Education,Medium,1.989438763068394
Сходить в спортзал,Health,Low,1.3778009738897268
Прочитать книгу по ИИ,Education,Medium,2.4662712344328037
Подготовка к экзамену,Education,High,3.607197045187919
Изучить основы Python,Education,Medium,2.2417700041047515
Подготовка к экзамену,Education,High,4.140438800086515
Прочитать книгу по ИИ,Education,Medium,2.8523578143836703
Подготовка к экзамену,Education,High,4.32253383937484
Подготовка к экзамену,Education,High,4.0529853389268045
Изучить основы Python,Education,Medium,1.863939264947953
Купить продукты на неделю,Personal,Low,0.6427282292378772
Записаться к врачу,Health,Medium,0.7067894613811508
Изучить основы Python,Education,Medium,1.9727331473292686
Купить продукты на неделю,Personal,Low,0.71574118180352
Прочитать книгу по ИИ,Education,Medium,2.275678762074846
Убраться в комнате,Personal,Low,1.6900753239645174
Убраться в комнате,Personal,Low,1.5790258880733696
Подготовить отчет по проекту,Work,High,3.3852365408985943
Изучить основы Python,Education,Medium,1.7402654981767363
Встреча с клиентом,Work,High,1.673584609353323
Убраться в комнате,Personal,Low,2.2600476356528967
Купить продукты на неделю,Personal,Low,1.0671741246021917
Записаться к врачу,Health,Medium,0.19964722394152767
Изучить основы Python,Education,Medium,1.8039729978398666
Убраться в комнате,Personal,Low,2.117987881678764
Изучить основы Python,Education,Medium,2.0180699527430126
Изучить основы Python,Education,Medium,1.9049425622730451
Изучить основы Python,Education,Medium,1.9366762083850513
Записаться к врачу,Health,Medium,0.2102993962191818
Прочитать книгу по ИИ,Education,Medium,2.222405047707081
Записаться к врачу,Health,Medium,0.7553059445547857
Прочитать книгу по ИИ,Education,Medium,2.1194914032611933
Убраться в комнате,Personal,Low,1.8386460546152867
Записаться к врачу,Health,Medium,0.6092132671102057
Прочитать книгу по ИИ,Education,Medium,2.082830079689302
Подготовить отчет по проекту,Work,High,3.577719352937429
Сходить в спортзал,Health,Low,1.6488892257559788
Убраться в комнате,Personal,Low,2.3427692543325063
Убраться в комнате,Personal,Low,2.313130931033014
Купить продукты на неделю,Personal,Low,1.4537463788242468
Сходить в спортзал,Health,Low,1.3927377859983345
Встреча с клиентом,Work,High,1.0312144008813273
Сходить в спортзал,Health,Low,1.311931900950153
Изучить основы Python,Education,Medium,2.485651261424654
Сходить в спортзал,Health,Low,1.4529116657933558
Написать код для бэкенда,Work,High,5.490759928228932
Подготовка к экзамену,Education,High,4.483873528930946
Подготовить отчет по проекту,Work,High,3.6886905029233805
Убраться в комнате,Personal,Low,2.443991219029342
Подготовка к экзамену,Education,High,4.3561678893102735
Подготовка к экзамену,Education,High,3.9149537891544597
Сходить в спортзал,Health,Low,1.3354659774090978
Записаться к врачу,Health,Medium,0.8357665359632113
Купить продукты на неделю,Personal,Low,0.6995409968982179
Прочитать книгу по ИИ,Education,Medium,2.978927337569071
Подготовить отчет по проекту,Work,High,3.7569046827729826
Подготовить отчет по проекту,Work,High,3.6141766180169483
Изучить основы Python,Education,Medium,1.7423715577270706
Встреча с клиентом,Work,High,1.7570777999155043
Записаться к врачу,Health,Medium,0.8633529437832849
Купить продукты на неделю,Personal,Low,1.1725986587316657
Встреча с клиентом,Work,High,1.8234460274646873
Убраться в комнате,Personal,Low,1.8290695022628989
Встреча с клиентом,Work,High,1.7717771662881554
Подготовка к экзамену,Education,High,4.188884646646777
Подготовка к экзамену,Education,High,4.110966256245485
Убраться в комнате,Personal,Low,1.5491406171921323
Изучить основы Python,Education,Medium,1.9872274141662187
Изучить основы Python,Education,Medium,2.3525657432307683
Встреча с клиентом,Work,High,1.5317650232448217
Записаться к врачу,Health,Medium,0.4082010088046393
Встреча с клиентом,Work,High,1.1369696574962678
Прочитать книгу по ИИ,Education,Medium,2.1502132395205966
Убраться в комнате,Personal,Low,1.519155601442292
Изучить основы Python,Education,Medium,1.7776264887245898
Прочитать книгу по ИИ,Education,Medium,2.2541720711575417
Сходить в спортзал,Health,Low,1.7172178488960474
Подготовка к экзамену,Education,High,4.206384769793673
Убраться в комнате,Personal,Low,2.4170713892656135
Записаться к врачу,Health,Medium,0.3365522264394397
Убраться в комнате,Personal,Low,2.2450362527439065
Подготовить отчет по проекту,Work,High,3.240626912366101
Встреча с клиентом,Work,High,1.818651729740234
Подготовить отчет по проекту,Work,High,3.6804747180459145
Изучить основы Python,Education,Medium,2.175703708611728
Сходить в спортзал,Health,Low,1.0933094652058868
Прочитать книгу по ИИ,Education,Medium,2.228506838098013
Встреча с клиентом,Work,High,1.359448284338062
Купить продукты на неделю,Personal,Low,1.4683946797297966
Убраться в комнате,Personal,Low,2.0021516410711886
Убраться в комнате,Personal,Low,1.962111849316817
Встреча с клиентом,Work,High,1.2121882171980691
Подготовка к экзамену,Education,High,3.962213392439438
Купить продукты на неделю,Personal,Low,0.6396886759039173
Изучить основы Python,Education,Medium,1.9568720898648744
Подготовить отчет по проекту,Work,High,3.788882076040495
Купить продукты на неделю,Personal,Low,1.1827943931092897
Сходить в спортзал,Health,Low,1.3029950360079825
Изучить основы Python,Education,Medium,2.151668046033795
Подготовка к экзамену,Education,High,3.74963514866294
Сходить в спортзал,Health,Low,1.162813145129455
Сходить в спортзал,Health,Low,1.4285326822731879
Сходить в спортзал,Health,Low,1.0639320501670446
Подготовить отчет по проекту,Work,High,3.7144853109127682
Изучить основы Python,Education,Medium,2.178879393803843
Подготовка к экзамену,Education,High,3.6008668782552773
Написать код для бэкенда,Work,High,4.9212104394213725
Сходить в спортзал,Health,Low,1.6299180375717053
Прочитать книгу по ИИ,Education,Medium,2.9254573139650613
Убраться в комнате,Personal,Low,1.5607386429910237
Встреча с клиентом,Work,High,1.420695760832599
Сходить в спортзал,Health,Low,1.7941473903524954
Убраться в комнате,Personal,Low,1.5482645762080711
Встреча с клиентом,Work,High,1.8611166317378114
Написать код для бэкенда,Work,High,5.029471939286823
Подготовка к экзамену,Education,High,3.580309538063933
Записаться к врачу,Health,Medium,0.5204539750561565
Записаться к врачу,Health,Medium,0.3856703003401508
Сходить в спортзал,Health,Low,1.4004901375007532
Убраться в комнате,Personal,Low,2.106121284965333
Написать код для бэкенда,Work,High,4.606839898935712
Записаться к врачу,Health,Medium,0.7253430849715582
Написать код для бэкенда,Work,High,5.150273922842591
Записаться к врачу,Health,Medium,0.02339869087737645
Прочитать книгу по ИИ,Education,Medium,2.6652540329514713
Написать код для бэкенда,Work,High,4.855817339953543
Сходить в спортзал,Health,Low,1.983792529224434
Подготовка к экзамену,Education,High,4.404922969643721
Встреча с клиентом,Work,High,1.8528114727295482
Убраться в комнате,Personal,Low,1.7226698343178417
Убраться в комнате,Personal,Low,1.7028746574662228
Изучить основы Python,Education,Medium,1.6397400602845043
Сходить в спортзал,Health,Low,1.016013858899885
Записаться к врачу,Health,Medium,0.7340278699902728
Подготовка к экзамену,Education,High,3.688532342232154
Изучить основы Python,Education,Medium,1.8319590814528872
Изучить основы Python,Education,Medium,1.7258826452925318
Встреча с клиентом,Work,High,1.571731665809073
Подготовить отчет по проекту,Work,High,3.0571586056251028
Изучить основы Python,Education,Medium,1.762508041915279
Записаться к врачу,Health,Medium,0.9649473821513166
Прочитать книгу по ИИ,Education,Medium,2.8406029346947426
Написать код для бэкенда,Work,High,5.165505599238072
Купить продукты на неделю,Personal,Low,1.4017331001938746
Подготовка к экзамену,Education,High,4.132028295106387
Подготовка к экзамену,Education,High,3.95017139779603
Записаться к врачу,Health,Medium,0.2880207765700894
Купить продукты на неделю,Personal,Low,1.0995529686034042
Написать код для бэкенда,Work,High,4.622926521616739
Прочитать книгу по ИИ,Education,Medium,2.066528376483646
Купить продукты на неделю,Personal,Low,0.8106384562988932
Купить продукты на неделю,Personal,Low,0.5404103239750907
Подготовить отчет по проекту,Work,High,3.271068621992372
Подготовка к экзамену,Education,High,4.382737520359722
Изучить основы Python,Education,Medium,1.9873786669023277
Изучить основы Python,Education,Medium,1.8570243748215391
Сходить в спортзал,Health,Low,1.7028728130339204
Подготовить отчет по проекту,Work,High,3.271387839535132
Написать код для бэкенда,Work,High,4.866365396349573
Изучить основы Python,Education,Medium,2.3113919097768982
Сходить в спортзал,Health,Low,1.089245956147987
Прочитать книгу по ИИ,Education,Medium,2.761736794021047
Подготовка к экзамену,Education,High,3.8698574808561963
Написать код для бэкенда,Work,High,5.2643691021990895
Купить продукты на неделю,Personal,Low,1.2907961379675879
Записаться к врачу,Health,Medium,0.5687295988855501
Купить продукты на неделю,Personal,Low,0.820547710970064
Купить продукты на неделю,Personal,Low,1.151141799714188
Изучить основы Python,Education,Medium,2.244471312560973
Убраться в комнате,Personal,Low,2.282940530225788
Прочитать книгу по ИИ,Education,Medium,2.7701701350002628
Изучить основы Python,Education,Medium,1.6699213984105543
Изучить основы Python,Education,Medium,1.8240969404754899
Прочитать книгу по ИИ,Education,Medium,2.050630856195899
Купить продукты на неделю,Personal,Low,0.6024381989496552
Записаться к врачу,Health,Medium,0.9963051119511577
Написать код для бэкенда,Work,High,4.591388961594191
Убраться в комнате,Personal,Low,2.0269602342147888
Прочитать книгу по ИИ,Education,Medium,2.359108703959939
Убраться в комнате,Personal,Low,2.248526453799013
Сходить в спортзал,Health,Low,1.39103073895674
Прочитать книгу по ИИ,Education,Medium,2.4523432327622627
Прочитать книгу по ИИ,Education,Medium,2.72900768555799
Подготовка к экзамену,Education,High,4.4909054135572655
Написать код для бэкенда,Work,High,4.75527447298926
Записаться к врачу,Health,Medium,0.5974115293284032
Купить продукты на неделю,Personal,Low,1.1779255831640056
Подготовить отчет по проекту,Work,High,3.40985560895669
Сходить в спортзал,Health,Low,1.3663126611712424
Купить продукты на неделю,Personal,Low,1.040911638296023
Сходить в спортзал,Health,Low,1.3309882303995137
Изучить основы Python,Education,Medium,1.720304259821873
Прочитать книгу по ИИ,Education,Medium,2.8840472996942923
Подготовка к экзамену,Education,High,3.8546066498740688
Встреча с клиентом,Work,High,1.7515833265767315
Убраться в комнате,Personal,Low,2.327998224734206
Прочитать книгу по ИИ,Education,Medium,2.753352520839357
Изучить основы Python,Education,Medium,1.6773591360769138
Написать код для бэкенда,Work,High,5.395122708133062
Купить продукты на неделю,Personal,Low,1.0588888535218794
Записаться к врачу,Health,Medium,0.5783287664391632
Подготовка к экзамену,Education,High,3.897820339460498
Сходить в спортзал,Health,Low,1.0766807775343357
Записаться к врачу,Health,Medium,0.49892991085188976
Написать код для бэкенда,Work,High,5.379961438312495
Встреча с клиентом,Work,High,1.654997625401715
Изучить основы Python,Education,Medium,2.4586306597195895
Записаться к врачу,Health,Medium,0.28339477678450864
Прочитать книгу по ИИ,Education,Medium,2.6110914053013783
Написать код для бэкенда,Work,High,4.765860258533405
Сходить в спортзал,Health,Low,1.8892234691628866
Подготовить отчет по проекту,Work,High,3.6774755914655666
Написать код для бэкенда,Work,High,4.828312078224247
Подготовить отчет по проекту,Work,High,3.504206381109311
Подготовка к экзамену,Education,High,4.028673344088
Прочитать книгу по ИИ,Education,Medium,2.2918630660827395
Написать код для бэкенда,Work,High,4.895605431519331
Подготовка к экзамену,Education,High,3.562214267179176
Встреча с клиентом,Work,High,1.7182446151459914
Прочитать книгу по ИИ,Education,Medium,2.0300806864433287
Купить продукты на неделю,Personal,Low,0.8668926624178427
Прочитать книгу по ИИ,Education,Medium,2.49228475494438
Изучить основы Python,Education,Medium,2.0028194962441876
Сходить в спортзал,Health,Low,1.8585685396630252
Сходить в спортзал,Health,Low,1.5412184479427964
Прочитать книгу по ИИ,Education,Medium,2.8373277909276973
Убраться в комнате,Personal,Low,1.8677532237632093
Встреча с клиентом,Work,High,1.1262639550662636
Встреча с клиентом,Work,High,1.0261980949855771
Купить продукты на неделю,Personal,Low,0.9439653665958354
Написать код для бэкенда,Work,High,4.5569910325052865
Подготовка к экзамену,Education,High,4.181318965090852
Записаться к врачу,Health,Medium,0.9674179419283109
Подготовить отчет по проекту,Work,High,3.0313561164437672
Убраться в комнате,Personal,Low,1.7093351281299558
Встреча с клиентом,Work,High,1.5297641237165847
Написать код для бэкенда,Work,High,4.935770935352842
Сходить в спортзал,Health,Low,1.5223373200492354
Изучить основы Python,Education,Medium,1.7977849700000306
Написать код для бэкенда,Work,High,5.277363421617496
Написать код для бэкенда,Work,High,4.777211724342951
Купить продукты на неделю,Personal,Low,1.4873615776251534
Написать код для бэкенда,Work,High,4.9531446222890745
Встреча с клиентом,Work,High,1.3781186123738567
Убраться в комнате,Personal,Low,2.226356394904047
Встреча с клиентом,Work,High,1.7219834630631796
Купить продукты на неделю,Personal,Low,1.155908852537391
Написать код для бэкенда,Work,High,4.716136823827952
Сходить в спортзал,Health,Low,1.3459024314964174
Изучить основы Python,Education,Medium,2.324694400378468
Записаться к врачу,Health,Medium,0.3182265848133683
Убраться в комнате,Personal,Low,1.5323701090058937
Подготовить отчет по проекту,Work,High,3.6574354300477205
Убраться в комнате,Personal,Low,1.536796151150209
Написать код для бэкенда,Work,High,4.585593028395641
Сходить в спортзал,Health,Low,1.011748180899299
Подготовить отчет по проекту,Work,High,3.7545266646363973
Убраться в комнате,Personal,Low,2.0888099804710074
Подготовка к экзамену,Education,High,3.8456818823366605
Написать код для бэкенда,Work,High,5.011111467088966
Встреча с клиентом,Work,High,1.1427320752747883
Сходить в спортзал,Health,Low,1.4357057595968221
Подготовить отчет по проекту,Work,High,3.5239627333207757
Сходить в спортзал,Health,Low,1.1627478423513535
Изучить основы Python,Education,Medium,1.9437205796854382
Записаться к врачу,Health,Medium,0.22006790121252817
Купить продукты на неделю,Personal,Low,0.6885115977205849
Подготовка к экзамену,Education,High,3.7783580495383955
Подготовка к экзамену,Education,High,3.624280260168966
Подготовка к экзамену,Education,High,4.013216252230384
Встреча с клиентом,Work,High,1.0165757322276705
Подготовить отчет по проекту,Work,High,3.3243287186408343
Записаться к врачу,Health,Medium,0.43954325038680475
Подготовка к экзамену,Education,High,4.106507260117289
Убраться в комнате,Personal,Low,1.901958944883845
Встреча с клиентом,Work,High,1.4914562470263801
Убраться в комнате,Personal,Low,1.8825659725306285
